FID,CHSA_CD,CHSA_Name,CHSA_Title,LHA_CD,LHA_Name,LHA_Title,LHA_CD1997,HSDA_CD,HSDA_ID,HSDA_Name,HSDA_Title,HA_CD,HA_ID,HA_Name,HA_Title,CHSA_UR_Cl,CHSA_Pop16,CHSA_Area,Latitude,Longitude,Shape__Area,Shape__Length
1,1110,Fernie,1110 Fernie,111,Fernie,111 Fernie,001,11,11 EK,East Kootenay,11 East Kootenay,1,1 IHA,Interior,1 Interior,5 Rural Hub,15531,8043.8,49.417397,-114.917924,19065095661.125,1057610.38042275
2,1120,Cranbrook,1120 Cranbrook,112,Cranbrook,112 Cranbrook,002,11,11 EK,East Kootenay,11 East Kootenay,1,1 IHA,Interior,1 Interior,4 Small Urban,26248,4473.71,49.552631,-115.593391,10602419936.4844,752612.411193392
3,1130,Kimberley,1130 Kimberley,113,Kimberley,113 Kimberley,003,11,11 EK,East Kootenay,11 East Kootenay,1,1 IHA,Interior,1 Interior,6 Rural,9178,4345.66,49.804307,-116.055836,10421294217.3594,675573.421035055
4,1140,Windermere,1140 Windermere,114,Windermere,114 Windermere,004,11,11 EK,East Kootenay,11 East Kootenay,1,1 IHA,Interior,1 Interior,6 Rural,9487,10980.52,50.534955,-115.965026,27148198322.6406,1131209.46195022
5,1150,Creston,1150 Creston,115,Creston,115 Creston,005,11,11 EK,East Kootenay,11 East Kootenay,1,1 IHA,Interior,1 Interior,6 Rural,12634,3793.89,49.247658,-116.571432,8894436701.07813,500296.562780594
6,1160,Golden,1160 Golden,116,Golden,116 Golden,018,11,11 EK,East Kootenay,11 East Kootenay,1,1 IHA,Interior,1 Interior,6 Rural,6851,13347.11,51.60957,-117.318897,34561924208.5469,1335005.00903341
7,1210,Kootenay Lake,1210 Kootenay Lake,121,Kootenay Lake,121 Kootenay Lake,006,12,12 KB,Kootenay Boundary,12 Kootenay Boundary,1,1 IHA,Interior,1 Interior,6 Rural,3209,6543.23,50.29662,-116.964848,16017767692.0156,955782.629086636
8,1220,Nelson,1220 Nelson,122,Nelson,122 Nelson,007,12,12 KB,Kootenay Boundary,12 Kootenay Boundary,1,1 IHA,Interior,1 Interior,6 Rural,25523,4809.42,49.502751,-117.350074,11389351229.1563,672090.004004922
9,1230,Castlegar,1230 Castlegar,123,Castlegar,123 Castlegar,009,12,12 KB,Kootenay Boundary,12 Kootenay Boundary,1,1 IHA,Interior,1 Interior,5 Rural Hub,13710,1942.58,49.398678,-117.914255,4587578619.45313,442602.432911105
10,1240,Arrow Lakes,1240 Arrow Lakes,124,Arrow Lakes,124 Arrow Lakes,010,12,12 KB,Kootenay Boundary,12 Kootenay Boundary,1,1 IHA,Interior,1 Interior,6 Rural,4501,7391.98,50.241121,-117.783158,18051527984.7031,959405.688850411
11,1250,Trail,1250 Trail,125,Trail,125 Trail,011,12,12 KB,Kootenay Boundary,12 Kootenay Boundary,1,1 IHA,Interior,1 Interior,4 Small Urban,19367,1131.23,49.124559,-117.809889,2641968183.25,251278.955228857
12,1260,Grand Forks,1260 Grand Forks,126,Grand Forks,126 Grand Forks,012,12,12 KB,Kootenay Boundary,12 Kootenay Boundary,1,1 IHA,Interior,1 Interior,6 Rural,8611,2691.95,49.34925,-118.401057,6337245331.70313,479750.132823006
13,1270,Kettle Valley,1270 Kettle Valley,127,Kettle Valley,127 Kettle Valley,013,12,12 KB,Kootenay Boundary,12 Kootenay Boundary,1,1 IHA,Interior,1 Interior,6 Rural,3469,4347.28,49.413808,-118.944075,10260455229.9219,562476.998715436
14,1310,Southern Okanagan,1310 Southern Okanagan,131,Southern Okanagan,131 Southern Okanagan,014,13,13 OK,Okanagan,13 Okanagan,1,1 IHA,Interior,1 Interior,5 Rural Hub,19231,1304.34,49.20982,-119.448355,3053234224.77344,264979.948431259
15,1320,Penticton,1320 Penticton,132,Penticton,132 Penticton,015,13,13 OK,Okanagan,13 Okanagan,1,1 IHA,Interior,1 Interior,3 Medium Urban,41799,1562.86,49.535438,-119.529268,3708951672.41406,390674.651517612
16,1330,Keremeos,1330 Keremeos,133,Keremeos,133 Keremeos,016,13,13 OK,Okanagan,13 Okanagan,1,1 IHA,Interior,1 Interior,6 Rural,5101,2479.93,49.222987,-120.03667,5813843180.64844,454423.576841107
17,1340,Princeton,1340 Princeton,134,Princeton,134 Princeton,017,13,13 OK,Okanagan,13 Okanagan,1,1 IHA,Interior,1 Interior,5 Rural Hub,4781,4826.04,49.465568,-120.567596,11414845339.2344,719167.924567612
18,1350,Armstrong/Spallumcheen,1350 Armstrong/Spallumcheen,135,Armstrong/Spallumcheen,135 Armstrong/Spallumcheen,021,13,13 OK,Okanagan,13 Okanagan,1,1 IHA,Interior,1 Interior,5 Rural Hub,10220,263.75,50.445902,-119.212326,649570853.3125,154408.799515475
19,1361,Vernon Centre/Coldstream,1361 Vernon Centre/Coldstream,136,Vernon,136 Vernon,022,13,13 OK,Okanagan,13 Okanagan,1,1 IHA,Interior,1 Interior,3 Medium Urban,53266,190.64,50.239894,-119.303996,465359685.40625,213934.772643424
20,1362,North Okanagan/Lumby,1362 North Okanagan/Lumby,136,Vernon,136 Vernon,022,13,13 OK,Okanagan,13 Okanagan,1,1 IHA,Interior,1 Interior,6 Rural,13583,5394.88,50.261449,-118.75231,13186333442.5625,1158390.71481648
21,1371,Central Okanagan Rural,1371 Central Okanagan Rural,137,Central Okanagan,137 Central Okanagan,023,13,13 OK,Okanagan,13 Okanagan,1,1 IHA,Interior,1 Interior,5 Rural Hub,8720,2324.37,49.980895,-119.26301,5612544101.97656,802587.758514103
22,1372,West Kelowna,1372 West Kelowna,137,Central Okanagan,137 Central Okanagan,023,13,13 OK,Okanagan,13 Okanagan,1,1 IHA,Interior,1 Interior,2 Large Urban,41482,127.39,49.84386,-119.585506,306043202.304688,101129.792395262
23,1373,Lake Country,1373 Lake Country,137,Central Okanagan,137 Central Okanagan,023,13,13 OK,Okanagan,13 Okanagan,1,1 IHA,Interior,1 Interior,6 Rural,12922,162.37,50.077117,-119.399741,393772778.960938,102276.334436684
24,1374,Glenmore,1374 Glenmore,137,Central Okanagan,137 Central Okanagan,023,13,13 OK,Okanagan,13 Okanagan,1,1 IHA,Interior,1 Interior,2 Large Urban,33401,125.72,49.950001,-119.401823,303299751.148438,95703.5688099089
25,1375,Downtown Kelowna,1375 Downtown Kelowna,137,Central Okanagan,137 Central Okanagan,023,13,13 OK,Okanagan,13 Okanagan,1,1 IHA,Interior,1 Interior,2 Large Urban,38661,38.17,49.876283,-119.485844,91818478.953125,57673.8448129749
26,1376,Rutland,1376 Rutland,137,Central Okanagan,137 Central Okanagan,023,13,13 OK,Okanagan,13 Okanagan,1,1 IHA,Interior,1 Interior,2 Large Urban,34796,42,49.883441,-119.365549,101040325.226563,45952.7389141689
27,1377,Okanagan Mission,1377 Okanagan Mission,137,Central Okanagan,137 Central Okanagan,023,13,13 OK,Okanagan,13 Okanagan,1,1 IHA,Interior,1 Interior,2 Large Urban,24900,90.75,49.821989,-119.471217,217780453.3125,86447.3337886326
28,1380,Summerland,1380 Summerland,138,Summerland,138 Summerland,077,13,13 OK,Okanagan,13 Okanagan,1,1 IHA,Interior,1 Interior,5 Rural Hub,12110,615.74,49.629565,-119.852005,1466250723.875,196597.387514819
29,1390,Enderby,1390 Enderby,139,Enderby,139 Enderby,078,13,13 OK,Okanagan,13 Okanagan,1,1 IHA,Interior,1 Interior,6 Rural,7285,1865.96,50.641937,-118.753164,4639201927.03906,406896.782284042
30,1410,Revelstoke,1410 Revelstoke,141,Revelstoke,141 Revelstoke,019,14,14 TC,Thompson Cariboo Shuswap,14 Thompson Cariboo Shuswap,1,1 IHA,Interior,1 Interior,5 Rural Hub,8085,9320.32,51.389437,-118.206429,23905589647.8438,1063477.77897563
31,1420,Salmon Arm,1420 Salmon Arm,142,Salmon Arm,142 Salmon Arm,020,14,14 TC,Thompson Cariboo Shuswap,14 Thompson Cariboo Shuswap,1,1 IHA,Interior,1 Interior,4 Small Urban,33648,3155.97,50.842622,-119.030894,7904718196.76563,681680.522477595
32,1431,Kamloops Centre North,1431 Kamloops Centre North,143,Kamloops,143 Kamloops,024,14,14 TC,Thompson Cariboo Shuswap,14 Thompson Cariboo Shuswap,1,1 IHA,Interior,1 Interior,3 Medium Urban,44714,252.48,50.728888,-120.298027,629788006.328125,195003.620911964
33,1432,Kamloops Centre South,1432 Kamloops Centre South,143,Kamloops,143 Kamloops,024,14,14 TC,Thompson Cariboo Shuswap,14 Thompson Cariboo Shuswap,1,1 IHA,Interior,1 Interior,3 Medium Urban,48587,204.49,50.650039,-120.315597,508064758.039063,152164.694279532
34,1433,Lower Thompson,1433 Lower Thompson,143,Kamloops,143 Kamloops,024,14,14 TC,Thompson Cariboo Shuswap,14 Thompson Cariboo Shuswap,1,1 IHA,Interior,1 Interior,6 Rural,19986,16047.76,51.026278,-119.971276,40530721131.8672,1551281.65568172
35,1440,100 Mile House,1440 100 Mile House,144,100 Mile House,144 100 Mile House,025,14,14 TC,Thompson Cariboo Shuswap,14 Thompson Cariboo Shuswap,1,1 IHA,Interior,1 Interior,6 Rural,14112,10958.62,51.630916,-121.242638,28375283967.1641,847261.145918213
36,1450,North Thompson,1450 North Thompson,145,North Thompson,145 North Thompson,026,14,14 TC,Thompson Cariboo Shuswap,14 Thompson Cariboo Shuswap,1,1 IHA,Interior,1 Interior,6 Rural,4050,12521.05,52.133973,-119.682727,33183315924.7344,1177509.18015202
37,1462,Williams Lake/East Cariboo,1462 Williams Lake/East Cariboo,146,Cariboo/Chilcotin,146 Cariboo/Chilcotin,027,14,14 TC,Thompson Cariboo Shuswap,14 Thompson Cariboo Shuswap,1,1 IHA,Interior,1 Interior,6 Rural,22165,12026.69,52.385671,-121.355064,32266424331.4375,1262750.69868199
38,1470,Lillooet,1470 Lillooet,147,Lillooet,147 Lillooet,029,14,14 TC,Thompson Cariboo Shuswap,14 Thompson Cariboo Shuswap,1,1 IHA,Interior,1 Interior,6 Rural,4012,7422.41,50.789007,-122.39113,18556882350.5078,1011605.57673884
39,1480,South Cariboo,1480 South Cariboo,148,South Cariboo,148 South Cariboo,030,14,14 TC,Thompson Cariboo Shuswap,14 Thompson Cariboo Shuswap,1,1 IHA,Interior,1 Interior,6 Rural,6548,9317.38,50.626936,-121.467749,23169755590.3438,1372929.05393072
40,1490,Merritt,1490 Merritt,149,Merritt,149 Merritt,031,14,14 TC,Thompson Cariboo Shuswap,14 Thompson Cariboo Shuswap,1,1 IHA,Interior,1 Interior,6 Rural,10855,6557.64,50.083169,-120.549031,15907532327.3125,851085.840149815
41,2110,Hope,2110 Hope,211,Hope,211 Hope,032,21,21 FE,Fraser East,21 Fraser East,2,2 FHA,Fraser,2 Fraser,5 Rural Hub,8129,5292.47,49.592517,-121.336747,12576500306.8281,960566.971083947
42,2121,South Chilliwack,2121 South Chilliwack,212,Chilliwack,212 Chilliwack,033,21,21 FE,Fraser East,21 Fraser East,2,2 FHA,Fraser,2 Fraser,3 Medium Urban,51241,1143.94,49.102573,-121.688776,2666421518.90625,293974.13302679
43,2122,North Chilliwack,2122 North Chilliwack,212,Chilliwack,212 Chilliwack,033,21,21 FE,Fraser East,21 Fraser East,2,2 FHA,Fraser,2 Fraser,3 Medium Urban,41936,164.6,49.184957,-121.889327,384900296.851563,147249.511962805
44,2131,Central Abbotsford,2131 Central Abbotsford,213,Abbotsford,213 Abbotsford,034,21,21 FE,Fraser East,21 Fraser East,2,2 FHA,Fraser,2 Fraser,2 Large Urban,22754,8.81,49.048247,-122.292291,20498117.578125,26230.1769689347
45,2132,East Abbotsford,2132 East Abbotsford,213,Abbotsford,213 Abbotsford,034,21,21 FE,Fraser East,21 Fraser East,2,2 FHA,Fraser,2 Fraser,2 Large Urban,35584,83.15,49.091095,-122.191622,193704869.4375,79770.5227645878
46,2133,West Abbotsford,2133 West Abbotsford,213,Abbotsford,213 Abbotsford,034,21,21 FE,Fraser East,21 Fraser East,2,2 FHA,Fraser,2 Fraser,2 Large Urban,58511,20.17,49.060139,-122.335901,46932637.8828125,36562.056305948
47,2134,Abbotsford Rural,2134 Abbotsford Rural,213,Abbotsford,213 Abbotsford,034,21,21 FE,Fraser East,21 Fraser East,2,2 FHA,Fraser,2 Fraser,6 Rural,24836,299.72,49.027937,-122.372476,697618078.84375,212502.033983586
48,2142,North Mission,2142 North Mission,214,Mission,214 Mission,075,21,21 FE,Fraser East,21 Fraser East,2,2 FHA,Fraser,2 Fraser,6 Rural,16854,1425.94,49.400662,-122.273823,3363687412.25781,429540.459841939
49,2150,Agassiz/Harrison,2150 Agassiz/Harrison,215,Agassiz/Harrison,215 Agassiz/Harrison,076,21,21 FE,Fraser East,21 Fraser East,2,2 FHA,Fraser,2 Fraser,5 Rural Hub,9696,4111.86,49.680442,-122.046328,9818252210.79688,748117.342327253
50,2210,New Westminster,2210 New Westminster,221,New Westminster,221 New Westminster,040,22,22 FN,Fraser North,22 Fraser North,2,2 FHA,Fraser,2 Fraser,1 Metropolitan,70996,18.59,49.214744,-122.914242,43520225.75,33330.847036783
51,2221,Burnaby Northwest,2221 Burnaby Northwest,222,Burnaby,222 Burnaby,041,22,22 FN,Fraser North,22 Fraser North,2,2 FHA,Fraser,2 Fraser,1 Metropolitan,47161,16.2,49.273549,-122.994662,38017834.234375,28868.6953962818
52,2222,Burnaby Northeast,2222 Burnaby Northeast,222,Burnaby,222 Burnaby,041,22,22 FN,Fraser North,22 Fraser North,2,2 FHA,Fraser,2 Fraser,1 Metropolitan,45434,29.84,49.265624,-122.931331,70002729.6171875,35575.4068587911
53,2223,Burnaby Southwest,2223 Burnaby Southwest,222,Burnaby,222 Burnaby,041,22,22 FN,Fraser North,22 Fraser North,2,2 FHA,Fraser,2 Fraser,1 Metropolitan,81414,31.03,49.221844,-122.994161,72667506.4140625,40521.5118233779
54,2224,Burnaby Southeast,2224 Burnaby Southeast,222,Burnaby,222 Burnaby,041,22,22 FN,Fraser North,22 Fraser North,2,2 FHA,Fraser,2 Fraser,1 Metropolitan,58746,14.89,49.226176,-122.941219,34884913.1640625,30219.8544668828
55,2231,Haney,2231 Haney,223,Maple Ridge/Pitt Meadows,223 Maple Ridge/Pitt Meadows,042,22,22 FN,Fraser North,22 Fraser North,2,2 FHA,Fraser,2 Fraser,1 Metropolitan,30824,13.46,49.221694,-122.594828,31509566.9453125,28875.8513020028
56,2232,Pitt Meadows,2232 Pitt Meadows,223,Maple Ridge/Pitt Meadows,223 Maple Ridge/Pitt Meadows,042,22,22 FN,Fraser North,22 Fraser North,2,2 FHA,Fraser,2 Fraser,1 Metropolitan,18835,96.4,49.271344,-122.661486,226212553.867188,87605.8873633939
57,2233,Maple Ridge Rural,2233 Maple Ridge Rural,223,Maple Ridge/Pitt Meadows,223 Maple Ridge/Pitt Meadows,042,22,22 FN,Fraser North,22 Fraser North,2,2 FHA,Fraser,2 Fraser,1 Metropolitan,51442,1350.62,49.585121,-122.565285,3210775143.90625,507818.332986075
58,2241,North Coquitlam,2241 North Coquitlam,224,Tri-Cities,224 Tri-Cities,043,22,22 FN,Fraser North,22 Fraser North,2,2 FHA,Fraser,2 Fraser,1 Metropolitan,40842,606.63,49.442494,-122.736455,1433297809.85156,183934.527490844
59,2242,Southwest Coquitlam,2242 Southwest Coquitlam,224,Tri-Cities,224 Tri-Cities,043,22,22 FN,Fraser North,22 Fraser North,2,2 FHA,Fraser,2 Fraser,1 Metropolitan,70406,24.63,49.260824,-122.838651,57791504.1796875,46610.1265530705
60,2244,Port Coquitlam,2244 Port Coquitlam,224,Tri-Cities,224 Tri-Cities,043,22,22 FN,Fraser North,22 Fraser North,2,2 FHA,Fraser,2 Fraser,1 Metropolitan,58612,34.54,49.258314,-122.762147,80998448.9453125,46761.7043786743
61,2245,Port Moody/Anmore/Belcarra,2245 Port Moody/Anmore/Belcarra,224,Tri-Cities,224 Tri-Cities,043,22,22 FN,Fraser North,22 Fraser North,2,2 FHA,Fraser,2 Fraser,1 Metropolitan,36404,61.14,49.322649,-122.863,143766663.523438,90001.1156490255
62,2311,City of Langley,2311 City of Langley,231,Langley,231 Langley,035,23,23 FS,Fraser South,23 Fraser South,2,2 FHA,Fraser,2 Fraser,1 Metropolitan,25888,10.22,49.09869,-122.659729,23821164.2109375,21937.8549360634
63,2313,Willoughby,2313 Willoughby,231,Langley,231 Langley,035,23,23 FS,Fraser South,23 Fraser South,2,2 FHA,Fraser,2 Fraser,1 Metropolitan,31567,21.91,49.138421,-122.649935,51144519.5859375,30726.9363828803
64,2314,Brookswood/Murrayville,2314 Brookswood/Murrayville,231,Langley,231 Langley,035,23,23 FS,Fraser South,23 Fraser South,2,2 FHA,Fraser,2 Fraser,1 Metropolitan,22090,23.45,49.080072,-122.638906,54601706.6015625,54082.4154759251
65,2315,Aldergrove/Otter,2315 Aldergrove/Otter,231,Langley,231 Langley,035,23,23 FS,Fraser South,23 Fraser South,2,2 FHA,Fraser,2 Fraser,4 Small Urban,13204,16.4,49.056318,-122.503818,38149621.2265625,41811.5119040264
66,2316,North Langley Township,2316 North Langley Township,231,Langley,231 Langley,035,23,23 FS,Fraser South,23 Fraser South,2,2 FHA,Fraser,2 Fraser,6 Rural,12653,109.7,49.116908,-122.530078,255829653.34375,75383.4960271162
67,2317,South Langley Township,2317 South Langley Township,231,Langley,231 Langley,035,23,23 FS,Fraser South,23 Fraser South,2,2 FHA,Fraser,2 Fraser,6 Rural,8789,102.09,49.033133,-122.575349,237288709.554688,84889.149799029
68,2321,North Delta,2321 North Delta,232,Delta,232 Delta,037,23,23 FS,Fraser South,23 Fraser South,2,2 FHA,Fraser,2 Fraser,1 Metropolitan,56017,21.1,49.142664,-122.907753,49262996.3515625,36988.3181410818
69,2323,Tsawwassen,2323 Tsawwassen,232,Delta,232 Delta,037,23,23 FS,Fraser South,23 Fraser South,2,2 FHA,Fraser,2 Fraser,4 Small Urban,22225,20.32,49.025319,-123.078355,47211078.671875,48869.0505672641
70,2332,North Surrey,2332 North Surrey,233,Surrey,233 Surrey,201,23,23 FS,Fraser South,23 Fraser South,2,2 FHA,Fraser,2 Fraser,1 Metropolitan,51161,18.64,49.190775,-122.871358,43609120.0234375,29816.5220311395
71,2333,Cloverdale,2333 Cloverdale,233,Surrey,233 Surrey,201,23,23 FS,Fraser South,23 Fraser South,2,2 FHA,Fraser,2 Fraser,1 Metropolitan,69963,71.48,49.108937,-122.731765,166634035.476563,73172.7926390874
72,2334,Panorama,2334 Panorama,233,Surrey,233 Surrey,201,23,23 FS,Fraser South,23 Fraser South,2,2 FHA,Fraser,2 Fraser,1 Metropolitan,45391,39.4,49.09705,-122.829482,91810418.359375,55261.4261399221
73,2335,East Newton,2335 East Newton,233,Surrey,233 Surrey,201,23,23 FS,Fraser South,23 Fraser South,2,2 FHA,Fraser,2 Fraser,1 Metropolitan,62748,21.9,49.135239,-122.82444,51101614.6875,40643.1556000934
74,2336,Fleetwood,2336 Fleetwood,233,Surrey,233 Surrey,201,23,23 FS,Fraser South,23 Fraser South,2,2 FHA,Fraser,2 Fraser,1 Metropolitan,58701,15.83,49.159956,-122.78726,36969651.2109375,32682.9316446636
75,2337,Guildford,2337 Guildford,233,Surrey,233 Surrey,201,23,23 FS,Fraser South,23 Fraser South,2,2 FHA,Fraser,2 Fraser,1 Metropolitan,60538,53,49.18521,-122.751213,123950468.453125,59215.8830737859
76,2338,West Newton,2338 West Newton,233,Surrey,233 Surrey,201,23,23 FS,Fraser South,23 Fraser South,2,2 FHA,Fraser,2 Fraser,1 Metropolitan,41463,9.81,49.14245,-122.877013,22895660.890625,24453.9455556913
77,2341,South Surrey,2341 South Surrey,234,South Surrey/White Rock,234 South Surrey/White Rock,202,23,23 FS,Fraser South,23 Fraser South,2,2 FHA,Fraser,2 Fraser,3 Medium Urban,74816,81.27,49.040243,-122.755638,188942934.453125,80129.0593671149
78,2342,White Rock,2342 White Rock,234,South Surrey/White Rock,234 South Surrey/White Rock,202,23,23 FS,Fraser South,23 Fraser South,2,2 FHA,Fraser,2 Fraser,3 Medium Urban,19952,5.12,49.025765,-122.805856,11906394.1171875,18840.0486147341
79,3111,Richmond City Centre,3111 Richmond City Centre,311,Richmond,311 Richmond,038,31,31 RICH,Richmond,31 Richmond,3,3 VCHA,Vancouver Coastal,3 Vancouver Coastal,1 Metropolitan,54587,9.8,49.173416,-123.135806,22900097.2109375,25505.0479769375
80,3112,Blundell,3112 Blundell,311,Richmond,311 Richmond,038,31,31 RICH,Richmond,31 Richmond,3,3 VCHA,Vancouver Coastal,3 Vancouver Coastal,1 Metropolitan,17729,4.6,49.149788,-123.158112,10733891.8984375,15053.2559987411
81,3113,Broadmoor,3113 Broadmoor,311,Richmond,311 Richmond,038,31,31 RICH,Richmond,31 Richmond,3,3 VCHA,Vancouver Coastal,3 Vancouver Coastal,1 Metropolitan,23478,6.02,49.144519,-123.131014,14056506.609375,14991.1472056057
82,3115,Steveston,3115 Steveston,311,Richmond,311 Richmond,038,31,31 RICH,Richmond,31 Richmond,3,3 VCHA,Vancouver Coastal,3 Vancouver Coastal,1 Metropolitan,24774,7.7,49.131049,-123.175713,17974527.640625,22689.1832890537
83,3116,East and West Cambie/Bridgeport,3116 East and West Cambie/Bridgeport,311,Richmond,311 Richmond,038,31,31 RICH,Richmond,31 Richmond,3,3 VCHA,Vancouver Coastal,3 Vancouver Coastal,1 Metropolitan,24621,18.18,49.18678,-123.086514,42531224.96875,31315.7424742762
84,3211,Downtown Vancouver,3211 Downtown Vancouver,321,Vancouver - City Centre,321 Vancouver - City Centre,161,32,32 VAN,Vancouver,32 Vancouver,3,3 VCHA,Vancouver Coastal,3 Vancouver Coastal,1 Metropolitan,41934,2.23,49.280217,-123.120886,5240671.9609375,18224.4145952652
85,3212,West End,3212 West End,321,Vancouver - City Centre,321 Vancouver - City Centre,161,32,32 VAN,Vancouver,32 Vancouver,3,3 VCHA,Vancouver Coastal,3 Vancouver Coastal,1 Metropolitan,47203,6.08,49.299411,-123.141112,14288773.015625,22990.4040420451
86,3213,Fairview,3213 Fairview,321,Vancouver - City Centre,321 Vancouver - City Centre,161,32,32 VAN,Vancouver,32 Vancouver,3,3 VCHA,Vancouver Coastal,3 Vancouver Coastal,1 Metropolitan,32904,3.27,49.262517,-123.130412,7675609.234375,15841.7309137887
87,3221,Downtown Eastside,3221 Downtown Eastside,322,Vancouver - Centre North,322 Vancouver - Centre North,162,32,32 VAN,Vancouver,32 Vancouver,3,3 VCHA,Vancouver Coastal,3 Vancouver Coastal,1 Metropolitan,19960,3.51,49.279709,-123.091058,8236807.984375,22069.3987492941
88,3222,Northeast False Creek,3222 Northeast False Creek,322,Vancouver - Centre North,322 Vancouver - Centre North,162,32,32 VAN,Vancouver,32 Vancouver,3,3 VCHA,Vancouver Coastal,3 Vancouver Coastal,1 Metropolitan,12392,0.92,49.277153,-123.109479,2158263.6015625,8472.2994685003
89,3223,Grandview-Woodland,3223 Grandview-Woodland,322,Vancouver - Centre North,322 Vancouver - Centre North,162,32,32 VAN,Vancouver,32 Vancouver,3,3 VCHA,Vancouver Coastal,3 Vancouver Coastal,1 Metropolitan,29180,4.56,49.275921,-123.066658,10697269.96875,19927.7083550597
90,3231,Cedar Cottage,3231 Cedar Cottage,323,Vancouver - Northeast,323 Vancouver - Northeast,163,32,32 VAN,Vancouver,32 Vancouver,3,3 VCHA,Vancouver Coastal,3 Vancouver Coastal,1 Metropolitan,18027,3.05,49.254077,-123.067698,7149916.765625,12685.254153487
91,3232,Hastings-Sunrise,3232 Hastings-Sunrise,323,Vancouver - Northeast,323 Vancouver - Northeast,163,32,32 VAN,Vancouver,32 Vancouver,3,3 VCHA,Vancouver Coastal,3 Vancouver Coastal,1 Metropolitan,34575,7.95,49.277275,-123.040193,18670633.65625,19743.1736004628
92,3233,Renfrew-Collingwood,3233 Renfrew-Collingwood,323,Vancouver - Northeast,323 Vancouver - Northeast,163,32,32 VAN,Vancouver,32 Vancouver,3,3 VCHA,Vancouver Coastal,3 Vancouver Coastal,1 Metropolitan,51292,8.09,49.24746,-123.040167,18973934.28125,19118.1013169702
93,3241,Shaughnessy/Arbutus Ridge/Kerrisdale,3241 Shaughnessy/Arbutus Ridge/Kerrisdale,324,Vancouver - Westside,324 Vancouver - Westside,164,32,32 VAN,Vancouver,32 Vancouver,3,3 VCHA,Vancouver Coastal,3 Vancouver Coastal,1 Metropolitan,37993,15.78,49.235762,-123.155689,36976459.125,32153.3532087211
94,3242,West Point Grey/Dunbar-Southlands,3242 West Point Grey/Dunbar-Southlands,324,Vancouver - Westside,324 Vancouver - Westside,164,32,32 VAN,Vancouver,32 Vancouver,3,3 VCHA,Vancouver Coastal,3 Vancouver Coastal,1 Metropolitan,34483,12.5,49.24874,-123.18788,29299237.296875,38497.5795619768
95,3243,University of British Columbia,3243 University of British Columbia,324,Vancouver - Westside,324 Vancouver - Westside,164,32,32 VAN,Vancouver,32 Vancouver,3,3 VCHA,Vancouver Coastal,3 Vancouver Coastal,1 Metropolitan,15890,14.59,49.257812,-123.230285,34226720.8828125,31440.6901946413
96,3244,Kitsilano,3244 Kitsilano,324,Vancouver - Westside,324 Vancouver - Westside,164,32,32 VAN,Vancouver,32 Vancouver,3,3 VCHA,Vancouver Coastal,3 Vancouver Coastal,1 Metropolitan,42812,5.5,49.266406,-123.163248,12910970.0625,17257.6005568519
97,3251,Kensington,3251 Kensington,325,Vancouver - Midtown,325 Vancouver - Midtown,165,32,32 VAN,Vancouver,32 Vancouver,3,3 VCHA,Vancouver Coastal,3 Vancouver Coastal,1 Metropolitan,31755,4.27,49.241611,-123.076791,10015311.6796875,13433.5329131176
98,3252,Mount Pleasant,3252 Mount Pleasant,325,Vancouver - Midtown,325 Vancouver - Midtown,165,32,32 VAN,Vancouver,32 Vancouver,3,3 VCHA,Vancouver Coastal,3 Vancouver Coastal,1 Metropolitan,32807,4.47,49.264138,-123.096788,10493450.234375,13635.6189281684
99,3253,South Cambie/Riley Park,3253 South Cambie/Riley Park,325,Vancouver - Midtown,325 Vancouver - Midtown,165,32,32 VAN,Vancouver,32 Vancouver,3,3 VCHA,Vancouver Coastal,3 Vancouver Coastal,1 Metropolitan,31246,7.13,49.245117,-123.108979,16708577.3515625,16530.5053466592
100,3261,Killarney,3261 Killarney,326,Vancouver - South,326 Vancouver - South,166,32,32 VAN,Vancouver,32 Vancouver,3,3 VCHA,Vancouver Coastal,3 Vancouver Coastal,1 Metropolitan,29561,6.95,49.217664,-123.03757,16279360.1484375,17913.2765026473
101,3262,Oakridge/Marpole,3262 Oakridge/Marpole,326,Vancouver - South,326 Vancouver - South,166,32,32 VAN,Vancouver,32 Vancouver,3,3 VCHA,Vancouver Coastal,3 Vancouver Coastal,1 Metropolitan,37453,10.03,49.217294,-123.125923,23475387.9453125,21364.0519373757
102,3263,Sunset,3263 Sunset,326,Vancouver - South,326 Vancouver - South,166,32,32 VAN,Vancouver,32 Vancouver,3,3 VCHA,Vancouver Coastal,3 Vancouver Coastal,1 Metropolitan,36496,6.35,49.219516,-123.09195,14862079.234375,15745.0694461699
103,3264,Victoria-Fraserview,3264 Victoria-Fraserview,326,Vancouver - South,326 Vancouver - South,166,32,32 VAN,Vancouver,32 Vancouver,3,3 VCHA,Vancouver Coastal,3 Vancouver Coastal,1 Metropolitan,31065,5.42,49.220468,-123.064104,12689919.1875,14938.1769159784
104,3311,North Vancouver City - East,3311 North Vancouver City - East,331,North Vancouver,331 North Vancouver,044,33,33 NSCG,North Shore/Coast Garibaldi,33 North Shore/Coast Garibaldi,3,3 VCHA,Vancouver Coastal,3 Vancouver Coastal,1 Metropolitan,19230,6.3,49.318343,-123.059224,14806813.578125,25937.1114725396
105,3312,North Vancouver City - West,3312 North Vancouver City - West,331,North Vancouver,331 North Vancouver,044,33,33 NSCG,North Shore/Coast Garibaldi,33 North Shore/Coast Garibaldi,3,3 VCHA,Vancouver Coastal,3 Vancouver Coastal,1 Metropolitan,34244,5.84,49.323241,-123.084631,13732889.765625,17480.0934477502
106,3313,North Vancouver DM - Central,3313 North Vancouver DM - Central,331,North Vancouver,331 North Vancouver,044,33,33 NSCG,North Shore/Coast Garibaldi,33 North Shore/Coast Garibaldi,3,3 VCHA,Vancouver Coastal,3 Vancouver Coastal,1 Metropolitan,29808,28.65,49.361279,-123.048382,67485475.6640625,48006.7724009729
107,3314,North Vancouver DM - East,3314 North Vancouver DM - East,331,North Vancouver,331 North Vancouver,044,33,33 NSCG,North Shore/Coast Garibaldi,33 North Shore/Coast Garibaldi,3,3 VCHA,Vancouver Coastal,3 Vancouver Coastal,1 Metropolitan,29271,343.93,49.441082,-122.988975,812533813.140625,168357.080821451
108,3315,North Vancouver DM - West,3315 North Vancouver DM - West,331,North Vancouver,331 North Vancouver,044,33,33 NSCG,North Shore/Coast Garibaldi,33 North Shore/Coast Garibaldi,3,3 VCHA,Vancouver Coastal,3 Vancouver Coastal,1 Metropolitan,28839,32.08,49.366337,-123.097947,75564743.6953125,50912.493378816
109,3321,West Vancouver - Lower,3321 West Vancouver - Lower,332,West Vancouver/Bowen Island,332 West Vancouver/Bowen Island,045,33,33 NSCG,North Shore/Coast Garibaldi,33 North Shore/Coast Garibaldi,3,3 VCHA,Vancouver Coastal,3 Vancouver Coastal,1 Metropolitan,19412,7.54,49.329978,-123.1464,17743101.5546875,24845.8875031802
110,3323,Bowen Island/Lions Bay,3323 Bowen Island/Lions Bay,332,West Vancouver/Bowen Island,332 West Vancouver/Bowen Island,045,33,33 NSCG,North Shore/Coast Garibaldi,33 North Shore/Coast Garibaldi,3,3 VCHA,Vancouver Coastal,3 Vancouver Coastal,6 Rural,5086,130.97,49.435343,-123.205162,309137470.289063,138576.870814713
111,3331,Gibsons,3331 Gibsons,333,Sunshine Coast,333 Sunshine Coast,046,33,33 NSCG,North Shore/Coast Garibaldi,33 North Shore/Coast Garibaldi,3,3 VCHA,Vancouver Coastal,3 Vancouver Coastal,5 Rural Hub,8269,26.05,49.417805,-123.539507,61482231.7421875,45517.5157156042
112,3332,Sechelt,3332 Sechelt,333,Sunshine Coast,333 Sunshine Coast,046,33,33 NSCG,North Shore/Coast Garibaldi,33 North Shore/Coast Garibaldi,3,3 VCHA,Vancouver Coastal,3 Vancouver Coastal,5 Rural Hub,10862,42.05,49.47685,-123.76103,99516670.5625,96543.5038188649
113,3341,Powell River City,3341 Powell River City,334,Powell River,334 Powell River,047,33,33 NSCG,North Shore/Coast Garibaldi,33 North Shore/Coast Garibaldi,3,3 VCHA,Vancouver Coastal,3 Vancouver Coastal,4 Small Urban,13157,31.12,49.864232,-124.527978,74813294.984375,58969.4786026305
114,3342,qathet Rural,3342 qathet Rural,334,Powell River,334 Powell River,047,33,33 NSCG,North Shore/Coast Garibaldi,33 North Shore/Coast Garibaldi,3,3 VCHA,Vancouver Coastal,3 Vancouver Coastal,6 Rural,6514,5194.26,50.185968,-124.346353,12702380056.9844,1460978.77833856
115,3351,Squamish,3351 Squamish,335,Howe Sound,335 Howe Sound,048,33,33 NSCG,North Shore/Coast Garibaldi,33 North Shore/Coast Garibaldi,3,3 VCHA,Vancouver Coastal,3 Vancouver Coastal,4 Small Urban,19893,112.61,49.74915,-123.137426,269436357.15625,187750.027824027
116,3352,Whistler,3352 Whistler,335,Howe Sound,335 Howe Sound,048,33,33 NSCG,North Shore/Coast Garibaldi,33 North Shore/Coast Garibaldi,3,3 VCHA,Vancouver Coastal,3 Vancouver Coastal,5 Rural Hub,11854,244.96,50.090356,-122.994228,594404438.46875,115480.352122584
117,3353,Howe Sound Rural,3353 Howe Sound Rural,335,Howe Sound,335 Howe Sound,048,33,33 NSCG,North Shore/Coast Garibaldi,33 North Shore/Coast Garibaldi,3,3 VCHA,Vancouver Coastal,3 Vancouver Coastal,6 Rural,6906,8844.45,50.254478,-123.148445,21615353288.7031,1504589.53112002
118,3360,Bella Coola Valley,3360 Bella Coola Valley,336,Bella Coola Valley,336 Bella Coola Valley,049,33,33 NSCG,North Shore/Coast Garibaldi,33 North Shore/Coast Garibaldi,3,3 VCHA,Vancouver Coastal,3 Vancouver Coastal,7 Remote,2678,25204.55,52.352284,-126.307079,67443503486.1094,3000329.68583778
119,3370,Central Coast,3370 Central Coast,337,Central Coast,337 Central Coast,083,33,33 NSCG,North Shore/Coast Garibaldi,33 North Shore/Coast Garibaldi,3,3 VCHA,Vancouver Coastal,3 Vancouver Coastal,7 Remote,1514,10712.99,51.992569,-128.048735,28450343222.8516,10668351.8735266
120,4111,Downtown Victoria/Vic West,4111 Downtown Victoria/Vic West,411,Greater Victoria,411 Greater Victoria,061,41,41 SVI,South Vancouver Island,41 South Vancouver Island,4,4 VIHA,Vancouver Island,4 Vancouver Island,2 Large Urban,31290,7.32,48.43691,-123.369149,16615276.578125,32358.7021515141
121,4119,Esquimalt,4119 Esquimalt,411,Greater Victoria,411 Greater Victoria,061,41,41 SVI,South Vancouver Island,41 South Vancouver Island,4,4 VIHA,Vancouver Island,4 Vancouver Island,2 Large Urban,19497,7.99,48.43506,-123.413007,18134455.6484375,34779.8267926089
122,4115,Gordon Head/Shelbourne,4115 Gordon Head/Shelbourne,411,Greater Victoria,411 Greater Victoria,061,41,41 SVI,South Vancouver Island,41 South Vancouver Island,4,4 VIHA,Vancouver Island,4 Vancouver Island,2 Large Urban,38257,21.89,48.475426,-123.326314,49751547.1171875,57147.4544285847
123,4112,James Bay/Fairfield,4112 James Bay/Fairfield,411,Greater Victoria,411 Greater Victoria,061,41,41 SVI,South Vancouver Island,41 South Vancouver Island,4,4 VIHA,Vancouver Island,4 Vancouver Island,2 Large Urban,32057,7.66,48.416407,-123.352996,17363822.453125,26042.3722109432
124,4114,Oak Bay,4114 Oak Bay,411,Greater Victoria,411 Greater Victoria,061,41,41 SVI,South Vancouver Island,41 South Vancouver Island,4,4 VIHA,Vancouver Island,4 Vancouver Island,2 Large Urban,18094,12.64,48.435997,-123.310424,28691613.25,70991.038461059
125,4113,Oaklands/Fernwood,4113 Oaklands/Fernwood,411,Greater Victoria,411 Greater Victoria,061,41,41 SVI,South Vancouver Island,41 South Vancouver Island,4,4 VIHA,Vancouver Island,4 Vancouver Island,2 Large Urban,22445,4.5,48.435247,-123.340208,10220027.875,15639.5019756917
126,4116,Quadra/Swan Lake,4116 Quadra/Swan Lake,411,Greater Victoria,411 Greater Victoria,061,41,41 SVI,South Vancouver Island,41 South Vancouver Island,4,4 VIHA,Vancouver Island,4 Vancouver Island,2 Large Urban,24167,9.91,48.46452,-123.363375,22520855.484375,23752.4582222674
127,4117,Interurban/Tillicum,4117 Interurban/Tillicum,411,Greater Victoria,411 Greater Victoria,061,41,41 SVI,South Vancouver Island,41 South Vancouver Island,4,4 VIHA,Vancouver Island,4 Vancouver Island,2 Large Urban,29704,23.79,48.474028,-123.412062,54081414.90625,42498.5521825562
128,4118,View Royal,4118 View Royal,411,Greater Victoria,411 Greater Victoria,061,41,41 SVI,South Vancouver Island,41 South Vancouver Island,4,4 VIHA,Vancouver Island,4 Vancouver Island,2 Large Urban,10408,16.4,48.473552,-123.465784,37299244.8984375,55258.9764298591
129,4121,Colwood,4121 Colwood,412,Western Communities,412 Western Communities,062,41,41 SVI,South Vancouver Island,41 South Vancouver Island,4,4 VIHA,Vancouver Island,4 Vancouver Island,2 Large Urban,16859,17.69,48.426319,-123.486492,40140499.984375,41388.3959054434
130,4122,Metchosin,4122 Metchosin,412,Western Communities,412 Western Communities,062,41,41 SVI,South Vancouver Island,41 South Vancouver Island,4,4 VIHA,Vancouver Island,4 Vancouver Island,6 Rural,4837,74.72,48.376706,-123.571276,169225597.875,124318.455908558
131,4123,Langford/Highlands,4123 Langford/Highlands,412,Western Communities,412 Western Communities,062,41,41 SVI,South Vancouver Island,41 South Vancouver Island,4,4 VIHA,Vancouver Island,4 Vancouver Island,2 Large Urban,37985,87.62,48.488723,-123.513598,199305253,98570.4708468902
132,4124,Sooke,4124 Sooke,412,Western Communities,412 Western Communities,062,41,41 SVI,South Vancouver Island,41 South Vancouver Island,4,4 VIHA,Vancouver Island,4 Vancouver Island,5 Rural Hub,14894,88.4,48.369415,-123.688722,200238233.875,172326.366354263
133,4125,Juan de Fuca Coast,4125 Juan de Fuca Coast,412,Western Communities,412 Western Communities,062,41,41 SVI,South Vancouver Island,41 South Vancouver Island,4,4 VIHA,Vancouver Island,4 Vancouver Island,6 Rural,2885,1474.55,48.534585,-124.012626,3360187946.70313,443831.463835883
134,4131,Royal Oak/Cordova Bay/Prospect,4131 Royal Oak/Cordova Bay/Prospect,413,Saanich Peninsula,413 Saanich Peninsula,063,41,41 SVI,South Vancouver Island,41 South Vancouver Island,4,4 VIHA,Vancouver Island,4 Vancouver Island,2 Large Urban,22020,47.15,48.521643,-123.405647,107386242.460938,47573.4329344969
135,4132,Central Saanich,4132 Central Saanich,413,Saanich Peninsula,413 Saanich Peninsula,063,41,41 SVI,South Vancouver Island,41 South Vancouver Island,4,4 VIHA,Vancouver Island,4 Vancouver Island,2 Large Urban,19325,46.15,48.581063,-123.421695,105355751.234375,56663.2346189731
136,4133,North Saanich,4133 North Saanich,413,Saanich Peninsula,413 Saanich Peninsula,063,41,41 SVI,South Vancouver Island,41 South Vancouver Island,4,4 VIHA,Vancouver Island,4 Vancouver Island,2 Large Urban,11675,40.36,48.653181,-123.432566,92413584.1328125,74755.2750352428
137,4134,Sidney,4134 Sidney,413,Saanich Peninsula,413 Saanich Peninsula,063,41,41 SVI,South Vancouver Island,41 South Vancouver Island,4,4 VIHA,Vancouver Island,4 Vancouver Island,2 Large Urban,11672,5.08,48.651901,-123.407049,11640871.1328125,20208.1797412741
138,4141,Salt Spring Island,4141 Salt Spring Island,414,Southern Gulf Islands,414 Southern Gulf Islands,064,41,41 SVI,South Vancouver Island,41 South Vancouver Island,4,4 VIHA,Vancouver Island,4 Vancouver Island,6 Rural,10557,185.66,48.813769,-123.497312,427783482.5625,214234.156965502
139,4142,Pender/Galiano/Saturna/Mayne,4142 Pender/Galiano/Saturna/Mayne,414,Southern Gulf Islands,414 Southern Gulf Islands,064,41,41 SVI,South Vancouver Island,41 South Vancouver Island,4,4 VIHA,Vancouver Island,4 Vancouver Island,6 Rural,4732,191.03,48.873478,-123.332212,440270049.4375,672998.814358032
140,4211,South Cowichan,4211 South Cowichan,421,Cowichan Valley South,421 Cowichan Valley South,065,42,42 CVI,Central Vancouver Island,42 Central Vancouver Island,4,4 VIHA,Vancouver Island,4 Vancouver Island,5 Rural Hub,17780,237.7,48.620568,-123.59754,543591306.796875,181580.383817432
141,4212,Central Cowichan,4212 Central Cowichan,421,Cowichan Valley South,421 Cowichan Valley South,065,42,42 CVI,Central Vancouver Island,42 Central Vancouver Island,4,4 VIHA,Vancouver Island,4 Vancouver Island,4 Small Urban,40598,505.64,48.765509,-123.739826,1162799780.91406,243308.618814219
142,4220,Cowichan Valley West,4220 Cowichan Valley West,422,Cowichan Valley West,422 Cowichan Valley West,066,42,42 CVI,Central Vancouver Island,42 Central Vancouver Island,4,4 VIHA,Vancouver Island,4 Vancouver Island,6 Rural,6240,2378.13,48.823213,-124.337145,5476514493.76563,593684.915333311
143,4233,Chemainus,4233 Chemainus,423,Cowichan Valley North,423 Cowichan Valley North,067,42,42 CVI,Central Vancouver Island,42 Central Vancouver Island,4,4 VIHA,Vancouver Island,4 Vancouver Island,5 Rural Hub,6037,18.49,48.921862,-123.731493,42803364.3125,61339.6825432263
144,4234,Penelakut and Thetis Islands,4234 Penelakut and Thetis Islands,423,Cowichan Valley North,423 Cowichan Valley North,067,42,42 CVI,Central Vancouver Island,42 Central Vancouver Island,4,4 VIHA,Vancouver Island,4 Vancouver Island,6 Rural,851,48.49,49.044989,-123.635938,112699630.367188,167857.675769256
145,4241,Downtown Nanaimo,4241 Downtown Nanaimo,424,Greater Nanaimo,424 Greater Nanaimo,068,42,42 CVI,Central Vancouver Island,42 Central Vancouver Island,4,4 VIHA,Vancouver Island,4 Vancouver Island,3 Medium Urban,20117,14.14,49.17666,-123.948806,33046757.2734375,52376.8510806827
146,4242,Departure Bay,4242 Departure Bay,424,Greater Nanaimo,424 Greater Nanaimo,068,42,42 CVI,Central Vancouver Island,42 Central Vancouver Island,4,4 VIHA,Vancouver Island,4 Vancouver Island,3 Medium Urban,25680,21.09,49.205567,-123.994766,49362217.921875,38282.2734659667
147,4243,Nanaimo North/Lantzville,4243 Nanaimo North/Lantzville,424,Greater Nanaimo,424 Greater Nanaimo,068,42,42 CVI,Central Vancouver Island,42 Central Vancouver Island,4,4 VIHA,Vancouver Island,4 Vancouver Island,3 Medium Urban,30045,48.59,49.23366,-124.054772,113830503.648438,93839.7765164218
148,4244,Nanaimo South,4244 Nanaimo South,424,Greater Nanaimo,424 Greater Nanaimo,068,42,42 CVI,Central Vancouver Island,42 Central Vancouver Island,4,4 VIHA,Vancouver Island,4 Vancouver Island,3 Medium Urban,14529,27.65,49.131872,-123.902169,64523672.984375,99224.1899114525
149,4245,Nanaimo West/Rural,4245 Nanaimo West/Rural,424,Greater Nanaimo,424 Greater Nanaimo,068,42,42 CVI,Central Vancouver Island,42 Central Vancouver Island,4,4 VIHA,Vancouver Island,4 Vancouver Island,6 Rural,7502,1080.07,49.118068,-124.276946,2518935476.27344,495997.032363066
150,4246,Cedar/Wellington,4246 Cedar/Wellington,424,Greater Nanaimo,424 Greater Nanaimo,068,42,42 CVI,Central Vancouver Island,42 Central Vancouver Island,4,4 VIHA,Vancouver Island,4 Vancouver Island,6 Rural,7058,62.39,49.087145,-123.847438,145324533.570313,76393.4096293352
151,4247,Gabriola Island,4247 Gabriola Island,424,Greater Nanaimo,424 Greater Nanaimo,068,42,42 CVI,Central Vancouver Island,42 Central Vancouver Island,4,4 VIHA,Vancouver Island,4 Vancouver Island,6 Rural,4033,58.08,49.159837,-123.789575,135668224.476563,132508.545381313
152,4251,Parksville,4251 Parksville,425,Oceanside,425 Oceanside,069,42,42 CVI,Central Vancouver Island,42 Central Vancouver Island,4,4 VIHA,Vancouver Island,4 Vancouver Island,4 Small Urban,13260,16.81,49.317799,-124.301624,39512025.0625,49491.2186025889
153,4252,Qualicum Beach,4252 Qualicum Beach,425,Oceanside,425 Oceanside,069,42,42 CVI,Central Vancouver Island,42 Central Vancouver Island,4,4 VIHA,Vancouver Island,4 Vancouver Island,4 Small Urban,8943,17.99,49.345394,-124.429288,42353450.515625,42437.6437977324
154,4253,Oceanside Rural,4253 Oceanside Rural,425,Oceanside,425 Oceanside,069,42,42 CVI,Central Vancouver Island,42 Central Vancouver Island,4,4 VIHA,Vancouver Island,4 Vancouver Island,6 Rural,24930,811.24,49.308634,-124.526599,1907748924.25781,721685.944016094
155,4261,Port Alberni,4261 Port Alberni,426,Alberni/Clayoquot,426 Alberni/Clayoquot,070,42,42 CVI,Central Vancouver Island,42 Central Vancouver Island,4,4 VIHA,Vancouver Island,4 Vancouver Island,4 Small Urban,21118,49.21,49.274198,-124.836838,115480372.429688,98002.391852031
156,4262,Alberni Valley/Bamfield,4262 Alberni Valley/Bamfield,426,Alberni/Clayoquot,426 Alberni/Clayoquot,070,42,42 CVI,Central Vancouver Island,42 Central Vancouver Island,4,4 VIHA,Vancouver Island,4 Vancouver Island,6 Rural,4329,3492.71,49.14445,-125.013971,8154132358.4375,1253313.95637023
157,4263,West Coast,4263 West Coast,426,Alberni/Clayoquot,426 Alberni/Clayoquot,070,42,42 CVI,Central Vancouver Island,42 Central Vancouver Island,4,4 VIHA,Vancouver Island,4 Vancouver Island,7 Remote,5534,3338.82,49.2452,-125.69306,7840646075.65625,2467534.00564275
158,4311,Comox,4311 Comox,431,Comox Valley,431 Comox Valley,071,43,43 NVI,North Vancouver Island,43 North Vancouver Island,4,4 VIHA,Vancouver Island,4 Vancouver Island,3 Medium Urban,21744,72.27,49.72771,-124.92234,172747716.148438,113991.617241696
159,4312,Comox Valley Rural,4312 Comox Valley Rural,431,Comox Valley,431 Comox Valley,071,43,43 NVI,North Vancouver Island,43 North Vancouver Island,4,4 VIHA,Vancouver Island,4 Vancouver Island,6 Rural,19623,1640.95,49.665467,-125.170048,3911801722.0625,557320.881970696
160,4321,Campbell River,4321 Campbell River,432,Greater Campbell River,432 Greater Campbell River,072,43,43 NVI,North Vancouver Island,43 North Vancouver Island,4,4 VIHA,Vancouver Island,4 Vancouver Island,3 Medium Urban,33465,150.84,50.003179,-125.294254,364694210.859375,148220.947620188
161,4342,Port McNeill/Sointula,4342 Port McNeill/Sointula,434,Vancouver Island North,434 Vancouver Island North,085,43,43 NVI,North Vancouver Island,43 North Vancouver Island,4,4 VIHA,Vancouver Island,4 Vancouver Island,5 Rural Hub,3021,89.5,50.644283,-126.997983,222229265.539063,123613.337831344
162,5101,Haida Gwaii South,5101 Haida Gwaii South,510,Haida Gwaii,510 Haida Gwaii,050,51,51 NW,Northwest,51 Northwest,5,5 NHA,Northern,5 Northern,7 Remote,2323,5251.95,52.817749,-131.936138,14451855995.9766,4695214.47509937
163,5102,Haida Gwaii North,5102 Haida Gwaii North,510,Haida Gwaii,510 Haida Gwaii,050,51,51 NW,Northwest,51 Northwest,5,5 NHA,Northern,5 Northern,7 Remote,1875,4791.1,53.837812,-132.492974,13734639347.8984,1969688.26714993
164,5121,Prince Rupert City Centre,5121 Prince Rupert City Centre,512,Prince Rupert,512 Prince Rupert,052,51,51 NW,Northwest,51 Northwest,5,5 NHA,Northern,5 Northern,4 Small Urban,12220,54.97,54.279013,-130.306818,160928238.070313,102205.560059936
165,5130,Upper Skeena,5130 Upper Skeena,513,Upper Skeena,513 Upper Skeena,053,51,51 NW,Northwest,51 Northwest,5,5 NHA,Northern,5 Northern,7 Remote,4223,4461.98,55.290582,-127.489005,13729752310.4766,677266.566710414
166,5141,Smithers Town Centre,5141 Smithers Town Centre,514,Smithers,514 Smithers,054,51,51 NW,Northwest,51 Northwest,5,5 NHA,Northern,5 Northern,5 Rural Hub,6182,73.37,54.808739,-127.245443,220399728.007813,93085.6007455336
167,5142,Smithers Rural,5142 Smithers Rural,514,Smithers,514 Smithers,054,51,51 NW,Northwest,51 Northwest,5,5 NHA,Northern,5 Northern,6 Rural,6786,4232.63,54.71122,-127.149333,12647703812.2734,785956.538277844
168,5143,Houston,5143 Houston,514,Smithers,514 Smithers,054,51,51 NW,Northwest,51 Northwest,5,5 NHA,Northern,5 Northern,5 Rural Hub,3446,5637.44,54.176605,-127.296955,16405141311.9609,911343.15621334
169,5150,Kitimat,5150 Kitimat,515,Kitimat,515 Kitimat,080,51,51 NW,Northwest,51 Northwest,5,5 NHA,Northern,5 Northern,5 Rural Hub,9090,19598.68,53.398844,-128.64864,55243138777.3438,8572711.7581465
170,5160,Stikine,5160 Stikine,516,Stikine,516 Stikine,087,51,51 NW,Northwest,51 Northwest,5,5 NHA,Northern,5 Northern,7 Remote,1033,132240.59,58.594773,-129.960236,487588978984.125,6652227.53386042
171,5171,Terrace City Centre,5171 Terrace City Centre,517,Terrace,517 Terrace,088,51,51 NW,Northwest,51 Northwest,5,5 NHA,Northern,5 Northern,4 Small Urban,11977,26.67,54.521318,-128.620052,78988642.96875,62768.6943628596
172,5172,Terrace Rural,5172 Terrace Rural,517,Terrace,517 Terrace,088,51,51 NW,Northwest,51 Northwest,5,5 NHA,Northern,5 Northern,6 Rural,8273,13200.93,54.747105,-128.554275,39547038279.3281,1415233.0525601
173,5190,Telegraph Creek,5190 Telegraph Creek,519,Telegraph Creek,519 Telegraph Creek,094,51,51 NW,Northwest,51 Northwest,5,5 NHA,Northern,5 Northern,7 Remote,595,23942.51,57.520185,-130.77409,82777641318.5938,1324428.8408834
174,5211,Quesnel City Centre,5211 Quesnel City Centre,521,Quesnel,521 Quesnel,028,52,52 NI,Northern Interior,52 Northern Interior,5,5 NHA,Northern,5 Northern,4 Small Urban,9987,39.51,52.987638,-122.475644,108831128.820313,86842.2564823521
175,5212,Quesnel Rural,5212 Quesnel Rural,521,Quesnel,521 Quesnel,028,52,52 NI,Northern Interior,52 Northern Interior,5,5 NHA,Northern,5 Northern,6 Rural,13218,23686.18,53.005114,-122.817823,65289580536.2734,1913483.84669548
176,5221,Burns Lake Town Centre,5221 Burns Lake Town Centre,522,Burns Lake,522 Burns Lake,055,52,52 NI,Northern Interior,52 Northern Interior,5,5 NHA,Northern,5 Northern,5 Rural Hub,2065,6.97,54.227806,-125.751251,20359682,23426.7769783568
177,5222,Burns Lake South,5222 Burns Lake South,522,Burns Lake,522 Burns Lake,055,52,52 NI,Northern Interior,52 Northern Interior,5,5 NHA,Northern,5 Northern,7 Remote,1740,18719.86,53.56967,-126.16719,52984263100.3594,1294623.22486544
178,5223,Burns Lake North,5223 Burns Lake North,522,Burns Lake,522 Burns Lake,055,52,52 NI,Northern Interior,52 Northern Interior,5,5 NHA,Northern,5 Northern,6 Rural,2451,7097.16,54.545519,-125.894035,21039036272.7422,879154.456151053
179,5231,Vanderhoof,5231 Vanderhoof,523,Nechako,523 Nechako,056,52,52 NI,Northern Interior,52 Northern Interior,5,5 NHA,Northern,5 Northern,6 Rural,4439,54.28,54.015546,-124.004685,156897083.429688,67189.4641905919
180,5232,Vanderhoof Rural,5232 Vanderhoof Rural,523,Nechako,523 Nechako,056,52,52 NI,Northern Interior,52 Northern Interior,5,5 NHA,Northern,5 Northern,6 Rural,3996,5611.19,53.824728,-123.963427,16073151504.6641,766736.91474105
181,5233,Fort St. James North,5233 Fort St. James North,523,Nechako,523 Nechako,056,52,52 NI,Northern Interior,52 Northern Interior,5,5 NHA,Northern,5 Northern,6 Rural,4558,33203.19,55.300504,-125.43247,102249832913.242,2323414.70078031
182,5234,Fraser Lake,5234 Fraser Lake,523,Nechako,523 Nechako,056,52,52 NI,Northern Interior,52 Northern Interior,5,5 NHA,Northern,5 Northern,6 Rural,2864,3676.43,53.858062,-124.765658,10546569658.9297,566512.242470184
183,5241,Prince George City - North,5241 Prince George City - North,524,Prince George,524 Prince George,057,52,52 NI,Northern Interior,52 Northern Interior,5,5 NHA,Northern,5 Northern,3 Medium Urban,16947,183.69,53.968959,-122.778853,529802877.453125,151658.99449615
184,5242,Prince George City - Central,5242 Prince George City - Central,524,Prince George,524 Prince George,057,52,52 NI,Northern Interior,52 Northern Interior,5,5 NHA,Northern,5 Northern,3 Medium Urban,41431,80.3,53.893438,-122.714335,230766889.796875,101459.632178699
185,5243,Prince George City - Southwest,5243 Prince George City - Southwest,524,Prince George,524 Prince George,057,52,52 NI,Northern Interior,52 Northern Interior,5,5 NHA,Northern,5 Northern,3 Medium Urban,15730,72.13,53.850274,-122.817516,206851125.195313,66609.1235024066
186,5246,McBride/Valemount,5246 McBride/Valemount,524,Prince George,524 Prince George,057,52,52 NI,Northern Interior,52 Northern Interior,5,5 NHA,Northern,5 Northern,7 Remote,3223,15221.42,53.112753,-119.706364,42176956466.9453,1622810.22994998
187,5245,Prince George North Fraser Rural,5245 Prince George North Fraser Rural,524,Prince George,524 Prince George,057,52,52 NI,Northern Interior,52 Northern Interior,5,5 NHA,Northern,5 Northern,6 Rural,5486,27568.87,54.304913,-122.097547,80825401897.8672,2064670.48036375
188,5244,Prince George Southwest Rural,5244 Prince George Southwest Rural,524,Prince George,524 Prince George,057,52,52 NI,Northern Interior,52 Northern Interior,5,5 NHA,Northern,5 Northern,6 Rural,7847,4121.34,53.618236,-122.888165,11691042862.1484,671510.716310992
189,5311,Dawson Creek,5311 Dawson Creek,531,Peace River South,531 Peace River South,059,53,53 NE,Northeast,53 Northeast,5,5 NHA,Northern,5 Northern,4 Small Urban,12198,30.87,55.743655,-120.216752,97215176.2890625,65474.9426007592
190,5312,Chetwynd,5312 Chetwynd,531,Peace River South,531 Peace River South,059,53,53 NE,Northeast,53 Northeast,5,5 NHA,Northern,5 Northern,6 Rural,2503,43.46,55.719227,-121.634191,136637602.109375,69668.727014845
191,5313,Tumbler Ridge,5313 Tumbler Ridge,531,Peace River South,531 Peace River South,059,53,53 NE,Northeast,53 Northeast,5,5 NHA,Northern,5 Northern,5 Rural Hub,1987,1571.03,55.058314,-121.158407,4778313194.89844,312999.967068115
192,5314,Peace River South Rural,5314 Peace River South Rural,531,Peace River South,531 Peace River South,059,53,53 NE,Northeast,53 Northeast,5,5 NHA,Northern,5 Northern,6 Rural,10162,26166.91,55.351426,-121.1848,80823702914.2891,2110417.75885651
193,5321,Fort St John,5321 Fort St John,532,Peace River North,532 Peace River North,060,53,53 NE,Northeast,53 Northeast,5,5 NHA,Northern,5 Northern,4 Small Urban,20155,26.27,56.24448,-120.83657,84855632.1640625,82566.0775988718
194,5322,Hudson's Hope,5322 Hudson's Hope,532,Peace River North,532 Peace River North,060,53,53 NE,Northeast,53 Northeast,5,5 NHA,Northern,5 Northern,6 Rural,1015,896.91,56.023582,-122.006847,2864611015.66406,247064.250743391
195,5323,Peace River North Rural,5323 Peace River North Rural,532,Peace River North,532 Peace River North,060,53,53 NE,Northeast,53 Northeast,5,5 NHA,Northern,5 Northern,6 Rural,14351,67027.01,57.08861,-122.625274,226520367703.555,2313473.07287938
196,5331,Fort Nelson Population Centre,5331 Fort Nelson Population Centre,533,Fort Nelson,533 Fort Nelson,081,53,53 NE,Northeast,53 Northeast,5,5 NHA,Northern,5 Northern,5 Rural Hub,3796,13.79,58.805878,-122.696306,51238183.40625,46319.697751174
197,5332,Northern Boreal,5332 Northern Boreal,533,Fort Nelson,533 Fort Nelson,081,53,53 NE,Northeast,53 Northeast,5,5 NHA,Northern,5 Northern,7 Remote,1718,89361.54,58.986346,-123.664232,337892931090.688,3075514.94895637
198,4330,Vancouver Island West,4330 Vancouver Island West,433,Vancouver Island West,433 Vancouver Island West,084,43,43 NVI,North Vancouver Island,43 North Vancouver Island,4,4 VIHA,Vancouver Island,4 Vancouver Island,6 Rural,1901,5144.09,49.896042,-126.870457,12385216211.5,2970291.58333869
199,3114,Thompson/Seafair,3114 Thompson/Seafair,311,Richmond,311 Richmond,038,31,31 RICH,Richmond,31 Richmond,3,3 VCHA,Vancouver Coastal,3 Vancouver Coastal,1 Metropolitan,32171,30.07,49.198088,-123.178363,70330487.2734375,84442.4751844986
200,2322,Ladner,2322 Ladner,232,Delta,232 Delta,037,23,23 FS,Fraser South,23 Fraser South,2,2 FHA,Fraser,2 Fraser,4 Small Urban,24822,158.55,49.096435,-123.014261,369516249.382813,147424.518242549
201,2312,Walnut Grove/Fort Langley,2312 Walnut Grove/Fort Langley,231,Langley,231 Langley,035,23,23 FS,Fraser South,23 Fraser South,2,2 FHA,Fraser,2 Fraser,1 Metropolitan,29587,43.59,49.176387,-122.621499,101901875.203125,42313.2332573293
202,2141,South Mission,2141 South Mission,214,Mission,214 Mission,075,21,21 FE,Fraser East,21 Fraser East,2,2 FHA,Fraser,2 Fraser,3 Medium Urban,26303,28.67,49.14399,-122.297568,66921591.9609375,49623.5024679247
203,4232,Ladysmith Rural,4232 Ladysmith Rural,423,Cowichan Valley North,423 Cowichan Valley North,067,42,42 CVI,Central Vancouver Island,42 Central Vancouver Island,4,4 VIHA,Vancouver Island,4 Vancouver Island,6 Rural,3676,358.42,48.977755,-123.98157,831231272.5625,351680.283389922
204,4341,Port Hardy/Port Alice,4341 Port Hardy/Port Alice,434,Vancouver Island North,434 Vancouver Island North,085,43,43 NVI,North Vancouver Island,43 North Vancouver Island,4,4 VIHA,Vancouver Island,4 Vancouver Island,5 Rural Hub,6456,1609.99,50.522155,-127.370766,3979796696.14844,634221.424101852
205,5110,Snow Country,5110 Snow Country,511,Snow Country,511 Snow Country,051,51,51 NW,Northwest,51 Northwest,5,5 NHA,Northern,5 Northern,7 Remote,421,27578.58,56.305727,-129.27076,89433331219.6484,3074750.20761673
206,2331,Whalley,2331 Whalley,233,Surrey,233 Surrey,201,23,23 FS,Fraser South,23 Fraser South,2,2 FHA,Fraser,2 Fraser,1 Metropolitan,53402,22.34,49.181324,-122.828048,52243924.7265625,59979.4581746655
207,2243,Southeast Coquitlam,2243 Southeast Coquitlam,224,Tri-Cities,224 Tri-Cities,043,22,22 FN,Fraser North,22 Fraser North,2,2 FHA,Fraser,2 Fraser,1 Metropolitan,28129,18.85,49.235845,-122.83831,44179523.71875,34468.4160969497
208,3117,Gilmore/Shellmont/East/Hamilton,3117 Gilmore/Shellmont/East/Hamilton,311,Richmond,311 Richmond,038,31,31 RICH,Richmond,31 Richmond,3,3 VCHA,Vancouver Coastal,3 Vancouver Coastal,1 Metropolitan,20949,75.35,49.156267,-123.062012,175940926.132813,80989.7086094365
209,4313,Courtenay,4313 Courtenay,431,Comox Valley,431 Comox Valley,071,43,43 NVI,North Vancouver Island,43 North Vancouver Island,4,4 VIHA,Vancouver Island,4 Vancouver Island,3 Medium Urban,25160,32.9,49.698999,-124.985571,78561548.046875,69858.6725679852
210,1461,West Cariboo,1461 West Cariboo,146,Cariboo/Chilcotin,146 Cariboo/Chilcotin,027,14,14 TC,Thompson Cariboo Shuswap,14 Thompson Cariboo Shuswap,1,1 IHA,Interior,1 Interior,7 Remote,2650,32371.36,51.891918,-123.833744,84876980516.0625,1903541.66133204
211,3322,West Vancouver - Upper,3322 West Vancouver - Upper,332,West Vancouver/Bowen Island,332 West Vancouver/Bowen Island,045,33,33 NSCG,North Shore/Coast Garibaldi,33 North Shore/Coast Garibaldi,3,3 VCHA,Vancouver Coastal,3 Vancouver Coastal,1 Metropolitan,25992,83.01,49.370958,-123.195865,195577619.710938,74849.5039009749
212,4343,Vancouver Island North Remote,4343 Vancouver Island North Remote,434,Vancouver Island North,434 Vancouver Island North,085,43,43 NVI,North Vancouver Island,43 North Vancouver Island,4,4 VIHA,Vancouver Island,4 Vancouver Island,7 Remote,1758,19068.6,51.027922,-126.403996,47961568252.9531,8383475.02034047
213,5180,Nisga'a,5180 Nisga'a,518,Nisga'a,518 Nisga'a,092,51,51 NW,Northwest,51 Northwest,5,5 NHA,Northern,5 Northern,7 Remote,1880,5037.07,55.166564,-129.394876,15404507345.8828,921754.297144303
214,5247,Mackenzie,5247 Mackenzie,524,Prince George,524 Prince George,057,52,52 NI,Northern Interior,52 Northern Interior,5,5 NHA,Northern,5 Northern,5 Rural Hub,4413,28854.88,56.457401,-124.839961,95138384488.7734,3073621.4966448
215,4231,Ladysmith,4231 Ladysmith,423,Cowichan Valley North,423 Cowichan Valley North,067,42,42 CVI,Central Vancouver Island,42 Central Vancouver Island,4,4 VIHA,Vancouver Island,4 Vancouver Island,4 Small Urban,8557,12.31,48.972915,-123.801663,28534440.7734375,40599.6522062719
216,3333,Sunshine Coast Rural,3333 Sunshine Coast Rural,333,Sunshine Coast,333 Sunshine Coast,046,33,33 NSCG,North Shore/Coast Garibaldi,33 North Shore/Coast Garibaldi,3,3 VCHA,Vancouver Coastal,3 Vancouver Coastal,6 Rural,10839,3755.32,49.832672,-123.745942,9021769962.25781,1840571.51385746
217,5122,Prince Rupert Rural,5122 Prince Rupert Rural,512,Prince Rupert,512 Prince Rupert,052,51,51 NW,Northwest,51 Northwest,5,5 NHA,Northern,5 Northern,7 Remote,1281,6112.4,54.262145,-130.021155,17863828878.2266,3257758.49086474
218,4322,Campbell River Rural,4322 Campbell River Rural,432,Greater Campbell River,432 Greater Campbell River,072,43,43 NVI,North Vancouver Island,43 North Vancouver Island,4,4 VIHA,Vancouver Island,4 Vancouver Island,6 Rural,9105,13176.1,50.581786,-125.108723,32576485634.7031,4606853.96375625
